feature_id	rna_effect	protein_effect
F00001	3.526048	3.592495
F00002	-2.985975	-4.425079
F00003	4.097318	4.002536
F00004	-3.391066	-4.188863
F00005	4.108026	3.581386
F00006	-2.475621	-3.225358
F00007	4.722953	3.495213
F00008	-3.183984	-3.670810
F00009	2.569546	2.921679
F00010	-4.226280	-3.278177
F00011	3.206588	4.533697
F00012	-3.556093	-3.228777
F00013	2.412877	3.590092
F00014	-3.484039	-2.805295
F00015	4.623381	3.656922
F00016	-3.603079	-4.253697
F00017	3.230121	4.543428
F00018	-3.983855	-3.056341
F00019	3.384784	4.520487
F00020	-3.781536	-2.133318
F00021	4.415804	3.135757
F00022	-2.979529	-3.311386
F00023	2.731753	3.766322
F00024	-3.808845	-3.253349
F00025	3.450815	2.934370
F00026	0.616910	1.067606
F00027	-1.437453	0.418562
F00028	0.978925	1.572384
F00029	0.886143	1.449053
F00030	0.441773	1.112980
F00031	0.763324	-0.796579
F00032	0.690532	0.383380
F00033	0.103282	-0.835487
F00034	1.417311	0.989002
F00035	0.915391	-0.823183
F00036	-1.057287	-1.010362
F00037	-0.383609	-0.511636
F00038	0.785714	-0.322005
F00039	1.582422	-1.427975
F00040	-0.331209	1.203541
F00041	0.005023	0.549408
F00042	1.114565	0.431640
F00043	-1.052686	-1.436876
F00044	1.535707	-0.280443
F00045	0.057809	-1.249180
F00046	0.016707	-0.468482
F00047	-1.073896	0.571077
F00048	0.573480	0.343921
F00049	1.062991	1.496933
F00050	1.117844	-1.372673
F00051	0.077422	0.531677
F00052	1.247767	0.129365
F00053	-0.159849	-0.675520
F00054	-0.877038	1.072957
F00055	-1.544565	0.764778
F00056	1.519658	-1.427206
F00057	-1.012677	-0.699749
F00058	1.007662	1.007974
F00059	1.338402	0.348249
F00060	0.066066	-0.035806
F00061	0.184763	0.748046
F00062	-0.663827	1.296076
F00063	-1.004186	1.529910
F00064	-0.097783	-1.480142
F00065	-1.275060	0.530228
F00066	1.308827	-1.323029
F00067	-1.525542	-0.532342
F00068	0.918170	-0.973692
F00069	-0.319979	-0.740480
F00070	-1.593532	-1.258364
F00071	-0.477484	0.408663
F00072	0.655419	0.514700
F00073	1.292369	0.284557
F00074	0.444387	0.676407
F00075	-0.592701	1.577488
F00076	-1.182302	1.283305
F00077	-0.093933	-0.868237
F00078	-0.464224	0.205672
F00079	-1.074886	-1.353107
F00080	-0.757198	1.478447
F00081	0.832779	-0.476359
F00082	0.648967	-0.902760
F00083	-1.191974	-0.171233
F00084	-0.486785	1.517177
F00085	-1.296829	0.866340
F00086	-1.289235	1.420753
F00087	0.797708	1.462440
F00088	0.489535	-1.206160
F00089	1.418312	1.413481
F00090	0.635498	0.737652
F00091	0.596021	-0.223749
F00092	-0.714140	-0.801879
F00093	0.228575	-0.654523
F00094	0.417517	-0.688873
F00095	-1.371849	1.111442
F00096	0.383993	0.153962
F00097	0.684296	1.417441
F00098	0.156460	-0.571647
F00099	1.540005	-1.297148
F00100	-0.045481	0.371177
F00101	-0.915327	-0.656766
F00102	1.532618	1.322238
F00103	-1.018627	0.875022
F00104	1.408681	0.343504
F00105	1.138366	-1.059654
F00106	-0.618178	-1.282980
F00107	-0.019061	0.557082
F00108	-0.582305	-0.625369
F00109	0.609904	1.149740
F00110	1.097648	0.011128
F00111	-1.409504	-0.078782
F00112	-1.201971	0.969699
F00113	-1.260238	1.193721
F00114	-1.330687	-0.392300
F00115	0.319317	0.252748
F00116	-0.451293	-1.552079
F00117	-0.372485	0.516844
F00118	-0.219986	1.425831
F00119	0.411205	-0.187940
F00120	-1.500102	-1.228530
F00121	-0.722707	1.244147
F00122	1.341573	-0.132927
F00123	-0.792901	-0.917238
F00124	0.141040	0.300616
F00125	-0.712082	0.803799
F00126	-0.245014	-0.909591
F00127	-1.172278	0.599492
F00128	0.747068	1.425046
F00129	-0.442643	-0.683732
F00130	1.170296	-0.670404
F00131	-0.381254	0.624620
F00132	-1.174972	-0.505478
F00133	-1.306265	1.458113
F00134	0.321449	1.110563
F00135	-0.732905	0.603480
F00136	0.202989	0.052546
F00137	0.504418	-0.881272
F00138	0.412870	0.340616
F00139	-1.387594	-0.628498
F00140	-0.623673	-0.641875
F00141	1.358089	-1.548456
F00142	-0.094704	0.436742
F00143	1.565866	-0.174928
F00144	-1.289358	0.385900
F00145	-0.051588	-1.499008
F00146	-1.422640	-0.291579
F00147	-0.012379	1.597714
F00148	-1.283604	-1.221013
F00149	-0.880182	0.597043
F00150	0.705136	-0.908035
F00151	-0.902763	1.366944
F00152	-1.474259	0.343943
F00153	0.806008	-0.616000
F00154	1.335953	0.931454
F00155	0.590856	-1.370487
F00156	-0.682352	-0.128556
F00157	0.711959	1.231125
F00158	-1.509235	0.184700
F00159	1.155476	0.407175
F00160	1.261369	1.469348
F00161	-1.565828	1.593100
F00162	-0.567351	-0.045667
F00163	-1.335235	-0.181643
F00164	-1.305990	-1.387677
F00165	-1.414776	-0.356239
F00166	1.143717	0.206181
F00167	-0.032370	-0.737368
F00168	-0.248010	-1.015443
F00169	-0.802830	0.856628
F00170	-0.964440	-1.470065
F00171	-0.106852	-0.861990
F00172	-1.262364	-1.122541
F00173	-1.232518	-0.658933
F00174	0.628900	0.243516
F00175	-1.578532	1.040496
F00176	1.567349	-0.819346
F00177	-1.345440	-0.104897
F00178	1.477121	0.961682
F00179	-1.478909	0.113091
F00180	1.549251	0.021430
F00181	0.383667	-0.288532
F00182	-0.882784	-1.021758
F00183	1.057650	-0.342486
F00184	1.216494	0.982017
F00185	0.129838	1.035460
F00186	-0.182951	-1.247299
F00187	0.879852	-0.834524
F00188	0.994816	0.813609
F00189	-0.302106	1.564578
F00190	0.430995	-1.339090
F00191	-0.999613	0.695207
F00192	1.348579	0.050464
F00193	-0.285634	-0.521410
F00194	-0.448988	-1.568026
F00195	-0.317862	0.546595
F00196	1.135180	1.323796
F00197	1.076934	-0.429919
F00198	1.141192	0.100036
F00199	-0.633392	0.627719
F00200	-0.060086	-1.494971
F00201	-1.495626	0.589382
F00202	1.465333	-0.809160
F00203	0.285532	1.593270
F00204	-0.270519	-0.836244
F00205	-0.464724	0.527075
F00206	0.670951	0.219383
F00207	0.304661	-1.545797
F00208	-0.999488	-1.242458
F00209	-0.150634	-0.726126
F00210	1.566495	-1.393825
F00211	0.098946	-0.934725
F00212	0.077706	1.135696
F00213	0.576942	-1.417759
F00214	0.407991	0.204613
F00215	1.403529	0.113595
F00216	-0.041960	0.586764
F00217	-1.323456	0.547196
F00218	-0.829881	-1.077427
F00219	0.805727	0.813244
F00220	-0.131193	1.552036
F00221	-1.508370	0.626770
F00222	-1.087627	0.589128
F00223	-0.897137	-0.709178
F00224	0.076981	-0.243478
F00225	0.603557	-0.615007
F00226	-0.709728	-0.290846
F00227	1.311555	0.198110
F00228	1.481898	1.095005
F00229	-0.173357	0.434824
F00230	-1.044764	0.253486
F00231	-1.250973	0.755683
F00232	0.378861	0.921776
F00233	1.284777	1.297371
F00234	0.607010	-1.413635
F00235	-1.091446	-1.126070
F00236	-0.810353	-0.417542
F00237	0.334793	-0.789781
F00238	1.242591	0.567402
F00239	-1.148960	0.197498
F00240	0.586669	-1.537372
F00241	0.949125	0.472015
F00242	-1.041317	1.496965
F00243	0.189558	0.750366
F00244	0.135663	1.555372
F00245	-0.105593	0.189575
F00246	1.561960	-0.263745
F00247	-0.036061	-1.025213
F00248	-1.310491	-1.081124
F00249	0.243505	0.858854
F00250	-1.559463	-0.918171
F00251	0.862318	-0.266347
F00252	-1.076989	1.517756
F00253	1.515895	0.274856
F00254	-1.431772	0.400712
F00255	0.625531	-1.455497
F00256	1.529661	0.088625
F00257	-1.413638	0.437715
F00258	0.268147	-0.453719
F00259	-0.791981	-1.058429
F00260	-1.442199	-0.703996
F00261	1.368140	-0.848244
F00262	-1.419543	-0.375180
F00263	0.519895	1.299943
F00264	0.267879	0.348783
F00265	1.130687	-0.489677
F00266	-1.381696	-0.241471
F00267	-0.863201	-0.137381
F00268	0.921249	0.944283
F00269	-1.452290	0.060478
F00270	0.632252	-0.801350
F00271	1.433172	0.854861
F00272	-1.533054	0.846446
F00273	-1.272163	1.111064
F00274	0.853175	0.958313
F00275	0.152303	0.346891
F00276	0.760589	-0.179226
F00277	0.393803	-0.465134
F00278	-0.603317	-0.383182
F00279	0.508402	0.916145
F00280	-0.169493	-1.579539
